bathrooms,bedrooms,ber,latitude,longitude,monthly_price,is_apartment
,1.0,A3,53.36282969213042,-6.292734249363605,1895,True
1.0,1.0,A2,53.36282969213042,-6.292734249363605,2225,True
2.0,2.0,A3,53.36282969213042,-6.292734249363605,2588,True
2.0,3.0,A2,53.36282969213042,-6.292734249363605,3675,True
1.0,1.0,A3,53.37169587626374,-6.2336604104970945,2150,True
2.0,2.0,A3,53.37169587626374,-6.2336604104970945,3335,True
3.0,3.0,A3,53.37169587626374,-6.2336604104970945,4250,True
1.0,1.0,A3,53.34551330632709,-6.243459428241323,2400,True
1.0,2.0,A3,53.34551330632709,-6.243459428241323,3100,True
1.0,1.0,A2,53.255572445381546,-6.2010619476570525,2150,True
2.0,2.0,A2,53.255572445381546,-6.2010619476570525,2450,True
3.0,3.0,A2,53.255572445381546,-6.2010619476570525,3375,True
,1.0,A2,53.29360621462365,-6.136121698928179,1880,True
,1.0,B2,53.32525826504576,-6.2655581334284705,1850,True
,1.0,B2,53.32525826504576,-6.2655581334284705,2000,True
,1.0,B2,53.32525826504576,-6.2655581334284705,2100,True
1.0,1.0,A2,53.24267258817224,-6.191171328304307,1875,True
2.0,2.0,A2,53.24267258817224,-6.191171328304307,2250,True
1.0,1.0,A2,53.38693545299904,-6.10259279972712,2150,True
2.0,2.0,A2,53.38693545299904,-6.10259279972712,2500,True
2.0,2.0,A2,53.38693545299904,-6.10259279972712,2600,True
2.0,3.0,A2,53.38693545299904,-6.10259279972712,3300,True
1.0,1.0,A2,53.35389543450327,-6.406544272751518,1875,True
2.0,2.0,A2,53.35389543450327,-6.406544272751518,2250,True
2.0,3.0,A2,53.35389543450327,-6.406544272751518,3000,True
1.0,1.0,A2,53.31427821306829,-6.425069126931987,1800,True
2.0,2.0,A2,53.31427821306829,-6.425069126931987,2100,True
2.0,3.0,A2,53.31427821306829,-6.425069126931987,2700,True
1.0,1.0,A2,53.28906080866142,-6.233999498080863,2150,True
2.0,2.0,A2,53.28906080866142,-6.233999498080863,2350,True
2.0,3.0,A2,53.28906080866142,-6.233999498080863,3200,True
1.0,1.0,A2,53.27934714613909,-6.313134063107952,1875,True
1.0,1.0,A3,53.34747481688501,-6.233233248674509,2501,True
2.0,2.0,A3,53.34747481688501,-6.233233248674509,3051,True
1.0,1.0,B1,53.33739010497453,-6.272850320541352,2500,True
2.0,2.0,B1,53.33739010497453,-6.272850320541352,2850,True
2.0,2.0,B1,53.33739010497453,-6.272850320541352,2900,True
2.0,2.0,B1,53.33739010497453,-6.272850320541352,3100,True
1.0,1.0,B1,53.34185191360561,-6.245194894252535,2525,True
2.0,2.0,C3,53.3423558320207,-6.238760743384546,3075,True
,1.0,A3,53.349483149010894,-6.235875899678973,2125,True
1.0,1.0,A3,53.349483149010894,-6.235875899678973,2375,True
2.0,2.0,A3,53.349483149010894,-6.235875899678973,2850,True
2.0,2.0,A3,53.349483149010894,-6.235875899678973,2860,True
,1.0,A3,53.279045232208745,-6.212154505881244,1895,True
1.0,1.0,A3,53.279045232208745,-6.212154505881244,2095,True
2.0,2.0,A3,53.279045232208745,-6.212154505881244,2595,True
2.0,3.0,A3,53.279045232208745,-6.212154505881244,3400,True
,1.0,A2,53.2430228231531,-6.141970718959783,1850,True
1.0,1.0,A2,53.2430228231531,-6.141970718959783,2150,True
2.0,2.0,A2,53.2430228231531,-6.141970718959783,2595,True
2.0,3.0,A2,53.2430228231531,-6.141970718959783,3150,True
,1.0,A2,53.24550012955277,-6.145276549654739,1748,True
2.0,2.0,A2,53.24550012955277,-6.145276549654739,2650,True
1.0,1.0,A2,53.24559183638257,-6.144839855845504,2040,True
2.0,2.0,A2,53.24559183638257,-6.144839855845504,2500,True
,1.0,A2,53.349879212236544,-6.234250528696748,2000,True
1.0,1.0,A2,53.349879212236544,-6.234250528696748,2350,True
2.0,2.0,A2,53.349879212236544,-6.234250528696748,2750,True
2.0,2.0,A2,53.349879212236544,-6.234250528696748,3500,True
1.0,1.0,A1,53.3193336810545,-6.248271768122493,2500,True
2.0,2.0,A1,53.3193336810545,-6.248271768122493,4000,True
,1.0,A2,53.28128557824962,-6.1952953935712,1975,True
1.0,1.0,A2,53.28128557824962,-6.1952953935712,2150,True
2.0,2.0,A2,53.28128557824962,-6.1952953935712,2650,True
2.0,3.0,A2,53.28128557824962,-6.1952953935712,3400,True
2.0,2.0,A3,53.32879473356792,-6.281755823596967,2685,True
2.0,2.0,A3,53.34405828419555,-6.234840952683702,3880,True
2.0,2.0,A2,53.379200519817374,-6.204144391817465,2644,True
1.0,2.0,A2,53.283547693021575,-6.141765655933426,2394,True
1.0,1.0,A2,53.383219405850696,-6.148142682777035,2156,True
2.0,2.0,A2,53.383219405850696,-6.148142682777035,3514,True
2.0,2.0,SI_666,53.369579825765214,-6.199146638752495,2459,True
2.0,2.0,A2,53.33153694153853,-6.262075268577263,3250,True
2.0,2.0,A2,53.33153694153853,-6.262075268577263,3400,True
2.0,2.0,A2,53.33153694153853,-6.262075268577263,3450,True
2.0,2.0,A2,53.33153694153853,-6.262075268577263,3550,True
1.0,1.0,A2,53.286154845382896,-6.2083925936942705,2062,True
1.0,2.0,SI_666,53.286154845382896,-6.2083925936942705,2735,True
1.0,1.0,A2,53.34491432013698,-6.234331541665426,2550,True
2.0,2.0,A2,53.34491432013698,-6.234331541665426,2950,True
1.0,1.0,NA,53.33150408071734,-6.250512101021769,2350,True
2.0,2.0,A3,53.34653829423391,-6.306712307249143,2450,True
3.0,3.0,SI_666,53.34653829423391,-6.306712307249143,3260,True
,1.0,A3,53.260487207064614,-6.205046690830841,1729,True
1.0,1.0,A3,53.260487207064614,-6.205046690830841,2040,True
2.0,2.0,A3,53.260487207064614,-6.205046690830841,2550,True
1.0,1.0,A2,53.32019494293854,-6.278843825658839,2339,True
2.0,2.0,A2,53.32019494293854,-6.278843825658839,2800,True
1.0,1.0,A2,53.37975024704198,-6.400053296065096,1900,True
1.0,1.0,A2,53.37975024704198,-6.400053296065096,2100,True
2.0,2.0,A2,53.37975024704198,-6.400053296065096,2300,True
2.0,2.0,A2,53.37975024704198,-6.400053296065096,2500,True
,1.0,C1,53.35467964670633,-6.270111394533956,850,True
1.0,1.0,A1,53.283092857650104,-6.11039789422361,2298,True
2.0,2.0,A3,53.24962385357324,-6.158529635629975,2500,True
3.0,3.0,A3,53.24962385357324,-6.158529635629975,3050,True
2.0,3.0,A3,53.24962385357324,-6.158529635629975,3264,True
2.0,4.0,A3,53.24962385357324,-6.158529635629975,3700,True
1.0,1.0,A3,53.31921910968558,-6.27910494477058,2350,True
2.0,2.0,A3,53.31921910968558,-6.27910494477058,2850,True
1.0,2.0,A2,53.301741957156224,-6.1773827427130925,2780,True
2.0,3.0,A2,53.301741957156224,-6.1773827427130925,3595,True
3.0,3.0,A2,53.27976005820855,-6.140140988896064,2995,True
,1.0,NA,53.334852907856856,-6.254354526983634,1400,True
2.0,2.0,A2,53.345102326886746,-6.231381770856217,4000,True
1.0,1.0,A3,53.37636783909153,-6.321735928602834,1963,False
1.0,1.0,A3,53.281270163399796,-6.241268847487021,2142,True
2.0,2.0,A3,53.281270163399796,-6.241268847487021,2500,True
1.0,1.0,NA,53.345069122477526,-6.28327527622136,1217,True
1.0,1.0,A2,53.29418275132073,-6.223249307379092,2062,True
2.0,2.0,A2,53.29418275132073,-6.223249307379092,2678,True
2.0,2.0,A2,53.29418275132073,-6.223249307379092,3466,True
1.0,1.0,A3,53.324438920191795,-6.278253055065335,2146,True
2.0,2.0,A3,53.324438920191795,-6.278253055065335,2435,True
,1.0,B1,53.34868196066384,-6.243002782210652,1264,True
3.0,2.0,A3,53.33119050713489,-6.233099555768007,4000,True
3.0,3.0,A2,53.344888,-6.249378,4850,True
1.0,1.0,C2,53.345283,-6.263539,2500,True
1.0,1.0,SI_666,53.331377,-6.243564,2900,True
1.0,1.0,C3,53.32748,-6.253975,1875,True
1.0,2.0,C3,53.32879,-6.265832,2543,False
2.0,3.0,SI_666,53.335074032338,-6.2830394251606,3275,False
1.0,2.0,SI_666,53.332338,-6.27302,2500,True
,1.0,A2,53.366998,-6.267198,1650,False
2.0,2.0,F,53.350611,-6.284331,2500,False
2.0,2.0,SI_666,53.358078,-6.23813,2890,False
1.0,1.0,SI_666,53.345567,-6.264401,2300,True
2.0,2.0,B3,53.3455577,-6.2378696,3025,True
1.0,3.0,C3,53.344576908366,-6.2691917060437,3200,True
1.0,1.0,A1,53.370162,-6.232978,1900,True
1.0,2.0,D1,53.321618200445,-6.3973866775632,2100,True
2.0,2.0,D2,53.37785,-6.322668,2350,False
1.0,1.0,C3,53.322422,-6.265244,2300,True
1.0,2.0,C3,53.391686,-6.117261,2000,False
2.0,3.0,B1,53.279949,-6.316463,3800,True
1.0,1.0,SI_666,53.352466,-6.267909,2000,True
1.0,2.0,A2,53.387014,-6.391966,1850,True
1.0,2.0,D1,53.341449,-6.234468,2600,True
2.0,2.0,A2,53.269747,-6.148569,2400,True
1.0,1.0,D1,53.361173169995,-6.2589748284508,1800,True
1.0,1.0,SI_666,53.3120225,-6.2634397,1996,True
,1.0,SI_666,53.340738252048,-6.3042544110142,1495,False
3.0,2.0,C1,53.327677,-6.239377,3500,False
1.0,1.0,A2,53.340999,-6.247995,2950,True
1.0,1.0,A2,53.340999,-6.247995,2750,True
2.0,2.0,B3,53.286984,-6.23646,2300,True
1.0,2.0,B3,53.347783,-6.277016,2295,True
1.0,1.0,SI_666,53.324929,-6.267411,1575,True
1.0,1.0,SI_666,53.385978193128,-6.3842182345007,1400,True
2.0,2.0,A1,53.344462,-6.306636,2411,True
2.0,2.0,B2,53.371976787618,-6.3705896223073,2500,True
1.0,1.0,SI_666,53.33396315,-6.25165073,4200,True
4.0,4.0,B1,53.30934,-6.212247,4250,False
3.0,5.0,B3,53.273443,-6.242445,3250,False
2.0,2.0,B2,53.2776562,-6.2124918,2400,True
1.0,1.0,B3,53.344145944624,-6.236707034671,3385,True
1.0,2.0,C3,53.396545,-6.426228,2200,False
4.0,4.0,B3,53.376762,-6.242883,4500,True
1.0,1.0,C2,53.340022132234,-6.2542258544742,2300,True
1.0,1.0,C1,53.362870973349,-6.2726068302124,1650,True
1.0,2.0,SI_666,53.226672,-6.120668,2500,False
1.0,1.0,A1,53.331231,-6.263534,2652,True
2.0,5.0,,53.310816,-6.313649,3995,False
,1.0,D1,53.360744,-6.269889,1100,False
1.0,2.0,D1,53.319974,-6.265367,1992,True
1.0,2.0,SI_666,53.323664,-6.235982,2950,False
2.0,2.0,C1,53.351081,-6.248237,2850,True
1.0,2.0,SI_666,53.347974,-6.30361,2500,True
1.0,1.0,C3,53.349519,-6.245432,1950,True
1.0,1.0,D1,53.30297,-6.233898,1792,True
1.0,2.0,D1,53.392076,-6.227852,2500,True
1.0,3.0,F,53.383797,-6.238216,2500,True
1.0,2.0,C1,53.391941,-6.227202,2500,True
1.0,2.0,C2,53.377106,-6.311162,2500,True
1.0,1.0,D2,53.349762,-6.245022,1877,True
2.0,2.0,D1,53.339814,-6.233234,3500,False
2.0,3.0,C2,53.286695,-6.236953,3317,True
2.0,2.0,C2,53.334859,-6.274465,2649,True
1.0,1.0,SI_666,53.335903,-6.294969,1800,True
,1.0,SI_666,53.335903,-6.294969,1500,False
1.0,1.0,A3,53.408267,-6.159915,2100,True
1.0,1.0,SI_666,53.33952231913,-6.2739784434082,2500,True
2.0,2.0,B2,53.325798158962,-6.2443377306566,3200,True
1.0,1.0,SI_666,53.341750997891,-6.2970864772797,1700,True
1.0,2.0,SI_666,53.321447272,-6.206674315,2300,True
2.0,3.0,A2,53.34035,-6.287491,2700,True
1.0,1.0,SI_666,53.351747068675,-6.2661576517382,1900,True
1.0,1.0,B2,53.34427,-6.264443,1800,True
4.0,4.0,C1,53.392228,-6.42863,3500,False
1.0,1.0,C3,53.347158,-6.294364,2000,True
,1.0,SI_666,53.332410082047,-6.2678763377762,1320,False
1.0,2.0,SI_666,53.341734,-6.230067,2600,True
1.0,3.0,C3,53.338934,-6.279206,3300,True
1.0,3.0,SI_666,53.322923,-6.235269,3350,False
1.0,1.0,B3,53.364894707056,-6.2267550367478,1695,True
1.0,2.0,A3,53.356708278382,-6.2590250012088,2480,True
1.0,1.0,SI_666,53.374850521619,-6.3210065174261,1700,True
2.0,2.0,C1,53.291151,-6.189376,2700,True
1.0,1.0,E1,53.32482734539,-6.2529398287332,1900,True
1.0,1.0,SI_666,53.343666290715,-6.2390942554089,2400,True
1.0,2.0,SI_666,53.346002747383,-6.255067756789,2800,True
2.0,2.0,SI_666,53.343641979912,-6.2389948280068,3400,True
2.0,2.0,A1,53.39798970954325,-6.287225088099433,2400,True
3.0,4.0,B2,53.384463,-6.403909,2800,False
1.0,2.0,E1,53.343408,-6.244062,2975,True
2.0,3.0,SI_666,53.299849,-6.218962,4500,True
1.0,1.0,B3,53.323807,-6.230088,2500,True
1.0,1.0,C2,53.3205734,-6.2593625,1780,True
1.0,2.0,SI_666,53.344135,-6.241934,2600,True
1.0,1.0,A1,53.304977,-6.327424,1166,True
1.0,1.0,C2,53.330523656749,-6.2504382902178,1950,True
1.0,1.0,E2,53.300268,-6.250123,1100,True
,1.0,A2,53.33087039912803,-6.331180409751596,1114,False
2.0,3.0,,53.2691067,-6.2596583,2600,True
3.0,3.0,A1,53.32648,-6.219785,4500,False
,1.0,SI_666,53.326571912894,-6.257739558197,1150,False
1.0,1.0,SI_666,53.354755,-6.251723,1720,True
1.0,1.0,B3,53.26075,-6.207593,1971,True
2.0,1.0,B1,53.349637077799514,-6.238262891176419,2200,True
2.0,2.0,B2,53.349771569306,-6.238273620012706,2975,True
1.0,3.0,C1,53.379463,-6.394078,3000,False
2.0,2.0,C2,53.406063,-6.249716,2200,True
1.0,1.0,C2,53.337091649297,-6.3230396206068,2100,True
1.0,1.0,C3,53.324103313356,-6.2714921580739,2571,True
1.0,2.0,SI_666,53.331399734115,-6.2845205578471,1750,True
1.0,1.0,B2,53.342525096,-6.293898725156,1560,True
2.0,3.0,D1,53.230467,-6.118452,3000,False
2.0,2.0,C3,53.344058,-6.269186,2800,True
,1.0,SI_666,53.358909,-6.195332,1150,False
1.0,1.0,E1,53.345796257484,-6.236337758088,2495,True
1.0,2.0,B3,53.34961723551302,-6.238241668451224,2500,True
2.0,1.0,B2,53.35018022136512,-6.238197516311658,3750,True
2.0,1.0,B3,53.3496050616811,-6.238058482461554,2150,True
2.0,2.0,B2,53.251251170985,-6.206778070015,2200,True
2.0,3.0,C3,53.320779746018,-6.2355581306417,3300,False
1.0,1.0,SI_666,53.346291047819,-6.2819451114046,1840,True
1.0,3.0,C2,53.380009,-6.183699,2500,False
2.0,2.0,C1,53.282963,-6.243665,2650,True
1.0,3.0,D1,53.393169,-6.252045,3000,False
1.0,2.0,C2,53.379006,-6.378316,2550,False
2.0,4.0,C3,53.376562,-6.361715,3120,False
2.0,2.0,C3,53.376102,-6.390665,2100,True
1.0,1.0,C3,53.366811,-6.31304,2000,True
1.0,4.0,C3,53.386358,-6.25206,2650,False
3.0,3.0,A3,53.406177,-6.155445,2430,False
3.0,3.0,C1,53.31207023243934,-6.248504851838447,4645,True
,1.0,C2,53.331539832656404,-6.251105077382647,1797,False
1.0,1.0,A2,53.2960379,-6.2630315,2200,True
1.0,1.0,D1,53.32748,-6.253975,1900,True
1.0,1.0,D2,53.34933,-6.256502,1748,True
,1.0,SI_666,53.3519141,-6.2970258,1600,False
1.0,2.0,SI_666,53.3339698,-6.2516039,3200,True
2.0,4.0,D2,53.25004,-6.207352,3945,False
1.0,1.0,D2,53.327494791,-6.255308289,1838,True
1.0,1.0,D2,53.362373,-6.261363,1200,True
1.0,2.0,C3,53.334268,-6.242182,2500,True
2.0,2.0,C1,53.340929,-6.268877,2695,True
1.0,2.0,SI_666,53.353634,-6.287213,1950,True
2.0,2.0,B2,53.334982,-6.272917,3500,False
1.0,1.0,SI_666,53.35624,-6.260482,1690,True
,1.0,SI_666,53.354589,-6.294793,1500,False
1.0,2.0,B2,53.335017,-6.272481,3500,False
,1.0,B2,53.326054,-6.253409,1550,False
2.0,2.0,B2,53.334982,-6.272917,3500,False
1.0,1.0,SI_666,53.35624,-6.260482,1690,True
,1.0,SI_666,53.354589,-6.294793,1500,False
1.0,2.0,B2,53.335017,-6.272481,3500,False
,1.0,SI_666,53.279371,-6.28934,1071,False
1.0,1.0,D1,53.303138,-6.20333,1850,True
1.0,2.0,SI_666,53.324126,-6.210502,4500,True
1.0,1.0,SI_666,53.3304397,-6.2354703,3000,True
1.0,1.0,SI_666,53.336452,-6.231983,3400,True
1.0,2.0,SI_666,53.334684,-6.235414,4800,False
1.0,2.0,SI_666,53.3318238,-6.2199929,4800,True
1.0,1.0,SI_666,53.32919,-6.21314,3400,True
1.0,1.0,SI_666,53.327795,-6.232073,4050,True
2.0,2.0,SI_666,53.332563,-6.229435,5000,True
1.0,1.0,SI_666,53.363328,-6.194427,3200,True
2.0,2.0,C3,53.293328,-6.280101,1969,True
2.0,3.0,C3,53.342365,-6.231574,4100,True
1.0,2.0,C3,53.318446,-6.21446,1875,True
1.0,1.0,D1,53.357104,-6.273362,1587,True
1.0,2.0,C3,53.275806,-6.416591,1562,True
1.0,1.0,B2,53.287012,-6.150072,1650,True
1.0,2.0,B3,53.326898,-6.262457,2200,True
1.0,1.0,E2,53.346775,-6.263019,1575,True
2.0,2.0,D1,53.340099,-6.26852,2900,True
2.0,4.0,F,53.30957,-6.202161,3000,False
1.0,1.0,A3,53.371838,-6.233146,2150,True
2.0,2.0,A3,53.263025,-6.224782,2400,True
1.0,2.0,E1,53.298336,-6.279691,2000,True
2.0,2.0,A2,53.262972,-6.224883,2400,True
2.0,2.0,A2,53.263025,-6.224782,2400,True
,1.0,SI_666,53.32062,-6.263098,1500,False
2.0,2.0,D2,53.372705,-6.237328,1890,True
,1.0,SI_666,53.325323,-6.252532,1550,False
1.0,1.0,SI_666,53.32062,-6.263098,1700,True
2.0,2.0,E1,53.34549,-6.251915,2200,True
2.0,2.0,A2,53.263025,-6.224782,2900,True
1.0,2.0,C2,53.292399,-6.237728,2200,True
2.0,2.0,A2,53.263025,-6.224782,2400,True
1.0,1.0,A3,53.371838,-6.233146,2150,True
2.0,1.0,SI_666,53.329705,-6.262304,2400,True
3.0,4.0,A2,53.264845,-6.156717,4200,False
1.0,1.0,SI_666,53.325323,-6.252532,1650,True
,1.0,SI_666,53.32062,-6.263098,1250,False
3.0,3.0,A2,53.257456,-6.215855,3250,False
2.0,2.0,C1,53.349813,-6.244627,2011,True
1.0,2.0,C2,53.344305,-6.247448,2358,True
2.0,4.0,A3,53.248795,-6.158025,3700,False
6.0,6.0,A3,53.230533,-6.134993,4997,False
2.0,3.0,A2,53.278094,-6.306622,3050,True
1.0,1.0,D2,53.349462,-6.279439,1691,True
2.0,2.0,A3,53.278094,-6.306622,2290,True
1.0,1.0,SI_666,53.342982,-6.263294,1976,True
2.0,2.0,C2,53.265034,-6.148662,2594,True
1.0,1.0,A3,53.321624,-6.285369,2208,True
2.0,2.0,E1,53.34927,-6.241234,2593,True
2.0,2.0,E1,53.381854,-6.176371,3500,False
2.0,2.0,C3,53.34496,-6.268027,3000,True
1.0,1.0,SI_666,53.331072,-6.251906,1962,True
1.0,1.0,E1,53.356068,-6.265947,2000,True
,1.0,D2,53.360396354167,-6.2826312467205,875,False
1.0,2.0,C1,53.375734,-6.253803,2018,True
1.0,1.0,A3,53.345083202273,-6.2310563099842,3500,True
2.0,2.0,SI_666,53.344634939338,-6.2384983789397,3500,True
1.0,1.0,E2,53.339162,-6.275313,1700,True
1.0,1.0,SI_666,53.331785,-6.27039,1600,True
1.0,1.0,SI_666,53.339737244893,-6.2725478536329,1850,True
2.0,2.0,SI_666,53.329492,-6.244432,2600,True
2.0,2.0,A2,53.249118,-6.179715,2500,True
1.0,1.0,SI_666,53.329608,-6.264054,1900,True
,1.0,SI_666,53.362225,-6.250723,1495,False
1.0,1.0,A2,53.254963,-6.14569,2062,True
1.0,1.0,A2,53.301144089719,-6.3184951821759,1600,True
1.0,3.0,E2,53.362673,-6.248635,2850,False
1.0,1.0,D1,53.347898,-6.300251,1900,True
1.0,1.0,A3,53.345382,-6.243067,2740,True
1.0,2.0,SI_666,53.343727,-6.32922,2350,False
1.0,2.0,C3,53.35184,-6.255561,1900,True
1.0,2.0,SI_666,53.34754,-6.307173,1764,True
2.0,2.0,B3,53.33222350919581,-6.230419376673979,2899,True
2.0,2.0,E1,53.331318,-6.228504,2327,True
1.0,1.0,SI_666,53.35945098732199,-6.256310449076182,1500,True
1.0,1.0,G,53.39494273122065,-6.284255186370416,1000,True
2.0,2.0,C1,53.342715,-6.236459,2700,True
2.0,2.0,B3,53.405646,-6.289409,2200,True
1.0,1.0,C1,53.351717,-6.258382,1750,True
2.0,2.0,C2,53.342715,-6.236459,2700,True
1.0,2.0,D2,53.381534,-6.235512,2100,False
2.0,3.0,C1,53.308151,-6.243232,3200,False
2.0,4.0,E1,53.289714,-6.310753,3000,False
1.0,2.0,SI_666,53.356747,-6.255991,2400,True
3.0,3.0,A2,53.265148,-6.205166,4000,False
1.0,1.0,D2,53.330711,-6.265626,1938,True
3.0,2.0,A3,53.290295,-6.195227,3200,False
2.0,2.0,D1,53.300875,-6.294842,2600,True
2.0,4.0,SI_666,53.362727,-6.242293,2800,True
2.0,3.0,SI_666,53.400791,-6.259671,2600,True
1.0,1.0,SI_666,53.401994,-6.215228,1500,True
1.0,1.0,B3,53.338653951,-6.235205146,2300,True
1.0,1.0,C1,53.3288697,-6.2305235,2450,True
2.0,2.0,C1,53.344069,-6.234257,3500,True
2.0,4.0,C3,53.323734,-6.246895,5000,False
1.0,1.0,C1,53.3288697,-6.2305235,2450,True
1.0,2.0,D1,53.346304,-6.260789,2650,True
1.0,1.0,C2,53.332281,-6.2646,1750,True
1.0,1.0,SI_666,53.325318,-6.231415,2200,True
2.0,3.0,C3,53.287937,-6.280357,2310,False
2.0,3.0,C3,53.278079,-6.172996,2800,True
1.0,2.0,D2,53.343391,-6.276693,2578,True
1.0,3.0,C3,53.308592,-6.370511,1793,False
1.0,2.0,C2,53.340312,-6.231869,3000,True
1.0,2.0,SI_666,53.364677,-6.263014,1750,True
2.0,2.0,C1,53.292303,-6.193968,1950,True
1.0,2.0,B3,53.302545,-6.235914,2500,False
2.0,4.0,D2,53.295273,-6.166437,5000,False
1.0,2.0,B2,53.34444,-6.268773,2700,True
1.0,2.0,SI_666,53.354754710378245,-6.261207325420116,2950,True
,1.0,C2,53.311587,-6.388519,1800,False
1.0,2.0,SI_666,53.35526,-6.261486,2950,True
2.0,2.0,A2,53.313442,-6.227434,3500,True
1.0,1.0,SI_666,53.35526,-6.261486,2900,True
2.0,2.0,B3,53.325695,-6.244128,3300,True
1.0,2.0,SI_666,53.3540489,-6.2601439,2950,True
4.0,6.0,D1,53.268346,-6.256239,4000,False
2.0,2.0,D2,53.381727,-6.290125,1725,True
1.0,3.0,D2,53.40427115,-6.19736842,1650,False
2.0,4.0,D1,53.390747,-6.284881,3500,False
1.0,3.0,D1,53.342544,-6.392053,2500,False
2.0,3.0,D1,53.419852,-6.382449,2300,True
2.0,3.0,A2,53.256886,-6.165606,3500,True
2.0,2.0,A2,53.331231,-6.263534,3498,True
2.0,3.0,A2,53.256886,-6.165606,3500,True
2.0,2.0,A2,53.331231,-6.263534,3498,True
2.0,2.0,A2,53.33142,-6.263804,3250,True
1.0,3.0,E1,53.31278,-6.335416,3000,False
3.0,4.0,C1,53.2844,-6.229681,4000,False
2.0,3.0,E1,53.286649,-6.25283,3000,False
1.0,1.0,C2,53.269869,-6.237269,1950,True
1.0,2.0,C3,53.383598,-6.212088,2400,True
1.0,1.0,D2,53.356316,-6.258954,1556,True
1.0,1.0,C3,53.349519,-6.245432,1734,True
1.0,3.0,SI_666,53.329011,-6.257689,2850,False
1.0,2.0,D2,53.346052,-6.254444,2040,True
2.0,2.0,C3,53.292324312246,-6.1934586007249,2500,True
1.0,1.0,A3,53.358978,-6.256289,1920,True
1.0,2.0,SI_666,53.354527646269,-6.2387792883447,1860,False
1.0,1.0,B3,53.275403,-6.298005,1650,True
,1.0,SI_666,53.319809,-6.264508,1504,False
2.0,2.0,C2,53.332321,-6.377912,1900,True
,1.0,SI_666,53.319809,-6.264508,1296,False
1.0,1.0,D1,53.349442,-6.282134,1350,True
1.0,2.0,D1,53.28385,-6.105127,2075,True
,1.0,D2,53.354209,-6.294442,700,False
3.0,3.0,D1,53.294731,-6.166619,4500,False
2.0,3.0,A2,53.405109,-6.280857,3000,False
2.0,3.0,SI_666,53.338083,-6.246956,4500,False
2.0,2.0,B2,53.350121,-6.238616,2589,True
1.0,2.0,D2,53.34857,-6.269233,2700,True
2.0,2.0,C1,53.299148,-6.204578,3000,True
,1.0,SI_666,53.338083,-6.246956,2000,False
2.0,2.0,D1,53.349197540815766,-6.278636346560745,2750,True
1.0,1.0,C3,53.319341,-6.26314,2150,True
2.0,3.0,D1,53.3741,-6.368757,3000,False
1.0,1.0,E1,53.346463,-6.264783,2100,True
1.0,1.0,D1,53.350886,-6.274418,2000,True
2.0,2.0,D2,53.309663,-6.286337,2317,True
1.0,1.0,A3,53.282344,-6.140736,1775,True
1.0,2.0,C3,53.341449,-6.234468,2550,True
1.0,2.0,D1,53.343739,-6.227193,2650,True
1.0,2.0,SI_666,53.326951,-6.244883,3000,False
1.0,2.0,SI_666,53.326951,-6.244883,3000,False
1.0,1.0,SI_666,53.375645,-6.200145,1435,True
2.0,3.0,B1,53.376976,-6.224352,4000,False
2.0,3.0,A3,53.338529,-6.237585,3428,True
3.0,4.0,SI_666,53.393905,-6.243382,4200,False
2.0,4.0,D1,53.383888,-6.16406,3570,False
2.0,3.0,C1,53.260461,-6.209809,2350,False
2.0,2.0,C1,53.340929,-6.268877,3250,True
1.0,2.0,F,53.317817,-6.236719,2240,True
2.0,3.0,E1,53.302102,-6.222327,3200,False
1.0,1.0,A2,53.256139,-6.201836,2100,True
2.0,2.0,A2,53.308514,-6.269394,2495,True
2.0,3.0,D2,53.285402,-6.404995,2500,False
1.0,2.0,G,53.29256,-6.145829,1800,True
1.0,1.0,SI_666,53.324635,-6.264912,1550,True
1.0,2.0,D2,53.352375,-6.250026,2350,True
4.0,3.0,B3,53.345862,-6.279952,3500,True
2.0,2.0,C1,53.295106077,-6.295221401,2270,True
1.0,1.0,D1,53.33637436211296,-6.296150412738058,1216,False
1.0,4.0,D2,53.334167,-6.235026,3048,False
1.0,2.0,G,53.352254,-6.285618,1873,False
2.0,2.0,C3,53.346366,-6.346661,2750,True
1.0,2.0,E1,53.304115,-6.245962,1850,False
1.0,2.0,C2,53.362431,-6.180388,2300,True
1.0,1.0,SI_666,53.349687,-6.241755,2000,True
1.0,1.0,B2,53.307198871956,-6.3718497008085,1550,True
1.0,1.0,SI_666,53.311454,-6.278586,2000,True
2.0,2.0,SI_666,53.367562,-6.363673,2570,True
1.0,2.0,C2,53.345988,-6.243806,2250,True
2.0,2.0,B3,53.349564,-6.238707,2800,True
1.0,2.0,C1,53.345196,-6.236246,2400,True
2.0,2.0,B3,53.345738,-6.237461,2700,True
2.0,2.0,C1,53.345738,-6.237461,2995,True
,1.0,SI_666,53.354529,-6.294855,1304,False
1.0,4.0,A1,53.325339,-6.430381,3000,False
1.0,2.0,C1,53.335243,-6.234377,1908,True
1.0,2.0,C2,53.284611,-6.378513,2200,True
1.0,1.0,SI_666,53.290288,-6.133931,1700,True
1.0,1.0,SI_666,53.334255,-6.27443,2000,True
1.0,1.0,SI_666,53.365355,-6.241357,2000,True
1.0,1.0,SI_666,53.328347,-6.22598,1922,True
1.0,1.0,SI_666,53.323529,-6.278586,1700,True
1.0,1.0,SI_666,53.395436,-6.43949,1523,True
,1.0,SI_666,53.290288,-6.133931,1827,False
,1.0,SI_666,53.3581,-6.247977,1350,False
1.0,2.0,SI_666,53.357672,-6.252296,2500,True
1.0,1.0,SI_666,53.319721,-6.290202,1694,True
1.0,1.0,SI_666,53.319721,-6.290202,1750,True
1.0,1.0,SI_666,53.334255,-6.27443,1700,True
,1.0,SI_666,53.365355,-6.241357,1600,False
1.0,1.0,SI_666,53.365355,-6.241357,1800,True
1.0,1.0,SI_666,53.290288,-6.133931,2200,True
1.0,1.0,SI_666,53.357819,-6.263123,2100,True
2.0,2.0,C3,53.338738,-6.237199,2800,True
2.0,2.0,,53.3208,-6.394016,1900,True
2.0,2.0,C2,53.22667,-6.127181,2400,True
3.0,3.0,C2,53.273891,-6.198105,3500,False
1.0,2.0,F,53.309146,-6.270878,1814,False
1.0,1.0,C3,53.339423436888,-6.2751120126418,1910,True
3.0,4.0,C1,53.293531,-6.133221,5000,True
1.0,1.0,SI_666,53.350671,-6.254074,1500,True
2.0,2.0,SI_666,53.401205,-6.163942,2350,True
2.0,2.0,E1,53.269097,-6.369531,1694,True
1.0,1.0,D1,53.276801,-6.217053,2142,True
2.0,2.0,B2,53.285345,-6.234716,2217,True
1.0,1.0,SI_666,53.350908,-6.283215,1697,True
1.0,1.0,SI_666,53.333999,-6.291807,1270,True
1.0,1.0,SI_666,53.355365,-6.264244,1700,True
1.0,1.0,SI_666,53.355365,-6.264244,1700,True
1.0,1.0,SI_666,53.355365,-6.264244,1700,True
,1.0,C3,53.282152,-6.359547,1250,False
1.0,1.0,SI_666,53.355365,-6.264244,1700,True
1.0,2.0,C2,53.325065,-6.264374,2300,True
1.0,1.0,F,53.335099,-6.271554,1750,False
1.0,1.0,,53.2835229,-6.1957546,1730,True
1.0,2.0,,53.325356,-6.2646117,1790,True
2.0,2.0,,53.3446624,-6.2362899,3200,True
2.0,3.0,,53.3234837,-6.4002681,2300,True
2.0,3.0,C2,53.326466748594,-6.3149144591677,2400,False
1.0,1.0,B3,53.341543,-6.326456,1650,True
1.0,1.0,SI_666,53.320177,-6.271862,1372,True
2.0,2.0,,53.3208,-6.394016,2268,True
3.0,3.0,,53.2840125,-6.2748512,2635,False
1.0,1.0,,53.3644331,-6.256513,1047,False
1.0,2.0,,53.3366527,-6.381348,1856,True
1.0,1.0,,53.3437424,-6.3392765,1750,True
1.0,1.0,,53.3615491,-6.277917,1350,True
1.0,3.0,,53.382131,-6.0681153,3500,False
1.0,3.0,,53.287192,-6.4144798,1850,False
2.0,3.0,,53.3161237,-6.2040889,3000,False
1.0,1.0,,53.2663738,-6.1835609,2500,False
1.0,1.0,,53.2703871,-6.3694611,1510,True
1.0,1.0,,53.2778917,-6.4004774,1300,True
1.0,3.0,,53.3917884,-6.4193274,2600,True
1.0,1.0,,53.3263316,-6.3808403,1000,False
2.0,2.0,,53.2931907,-6.1944534,2289,True
2.0,3.0,,53.2828424,-6.4093899,2500,False
2.0,2.0,,53.332925,-6.3793911,1950,True
2.0,3.0,SI_666,53.27395653187193,-6.3456218810499365,2900,True
3.0,3.0,,53.3208,-6.394016,2470,False
1.0,1.0,,53.2880445,-6.350864,1632,True
2.0,2.0,,53.2584854,-6.221265,2174,True
2.0,2.0,,53.2572348,-6.1302705,2200,False
1.0,1.0,,53.2836014,-6.36099,1100,True
1.0,2.0,,53.3822914,-6.4306503,1800,True
1.0,2.0,,53.3615481,-6.2552297,1750,True
2.0,2.0,,53.3314252,-6.2393185,2975,True
3.0,4.0,,53.4008339,-6.3901322,2800,True
1.0,1.0,,53.3377287,-6.2757012,1900,True
1.0,1.0,,53.3356805,-6.2397099,1829,True
1.0,2.0,,53.3515527,-6.295236,2300,False
1.0,3.0,,53.3367856,-6.3923096,2500,False
2.0,2.0,,53.2932104,-6.2802125,2500,True
2.0,2.0,,53.4008339,-6.3901322,2200,True
2.0,3.0,,53.3467101,-6.3952987,2300,False
1.0,1.0,,53.337031,-6.3788675,1535,True
1.0,1.0,,53.3896442,-6.3082525,1400,False
1.0,1.0,,53.3312424,-6.2463858,2500,True
2.0,2.0,,53.2677711,-6.184912,2650,False
1.0,4.0,D2,53.313776,-6.265007,2242,False
1.0,2.0,G,53.329196,-6.315357,1910,False
1.0,3.0,F,53.331084,-6.26861,2950,False
2.0,2.0,C3,53.332122,-6.240152,2590,True
1.0,1.0,A3,53.346335,-6.2460037,2478,True
2.0,2.0,SI_666,53.334078,-6.247495,2980,True
3.0,4.0,B2,53.278198,-6.293386,3500,False
2.0,3.0,D2,53.278515,-6.267107,2520,False
1.0,2.0,C2,53.391774,-6.174731,2200,False
1.0,2.0,E1,53.318578,-6.289524,2300,False
1.0,3.0,C3,53.314852,-6.283994,2592,True
1.0,2.0,C1,53.3507,-6.247496,2300,True
2.0,2.0,C3,53.27379506552785,-6.250702275510349,2175,True
2.0,4.0,D2,53.294937,-6.248522,3300,False
1.0,2.0,C3,53.350365,-6.277939,2495,True
2.0,2.0,A2,53.273518,-6.117675,3800,True
3.0,3.0,C2,53.264096,-6.204668,3200,False
1.0,2.0,C1,53.342278,-6.27986,2320,True
1.0,2.0,A1,53.327587,-6.333587,2390,True
,1.0,SI_666,53.341796,-6.279077,1796,False
3.0,2.0,SI_666,53.296668616184064,-6.1682972557864275,5000,True
2.0,2.0,SI_666,53.330406,-6.269795,4000,True
1.0,2.0,A3,53.376207,-6.311751,2350,True
1.0,1.0,A3,53.376062,-6.31176,1900,True
2.0,3.0,A1,53.4220869,-6.3704583,2657,False
2.0,3.0,C1,53.325986,-6.216476,4250,False
3.0,3.0,C1,53.33235,-6.230235,3250,False
,1.0,F,53.286085,-6.354603,900,False
1.0,1.0,D2,53.3824769,-6.3133674,2050,True
1.0,2.0,C1,53.322418,-6.265297,3200,True
,1.0,SI_666,53.32848,-6.264222,1650,False
,1.0,SI_666,53.329253,-6.269761,1400,False
1.0,1.0,SI_666,53.33251,-6.271206,1485,True
,1.0,SI_666,53.319584,-6.264392,1400,False
1.0,1.0,C2,53.319061,-6.280591,1746,True
1.0,1.0,SI_666,53.362925,-6.263668,1635,True
1.0,1.0,SI_666,53.316892,-6.279689,2100,True
1.0,2.0,SI_666,53.332152,-6.270741,2200,True
1.0,2.0,SI_666,53.314048,-6.273185,2200,True
1.0,1.0,F,53.335301,-6.295505,1095,True
,1.0,SI_666,53.328408,-6.264225,1575,False
,1.0,C1,53.3153701,-6.2806668,1421,False
1.0,1.0,SI_666,53.329253,-6.269761,1650,True
,1.0,C2,53.3190175,-6.2814911,1500,False
,1.0,SI_666,53.313307,-6.273659,1222,False
,1.0,SI_666,53.314048,-6.273185,1400,False
1.0,1.0,SI_666,53.358029,-6.267592,1584,True
,1.0,SI_666,53.329253,-6.269761,1500,False
1.0,1.0,SI_666,53.364539,-6.256424,1544,True
1.0,1.0,G,53.325599,-6.277627,1700,True
2.0,2.0,SI_666,53.355905,-6.233616,2334,True
2.0,2.0,SI_666,53.33205,-6.30224,2223,True
1.0,2.0,SI_666,53.33154956111434,-6.268275368123028,1650,True
1.0,1.0,SI_666,53.31931678745116,-6.25531568717102,1450,True
2.0,3.0,D1,53.333952,-6.319491,3000,False
1.0,1.0,SI_666,53.323728,-6.272851,1472,True
,1.0,SI_666,53.35312211601047,-6.296554092451288,1350,False
,1.0,SI_666,53.334866,-6.292968,1393,False
,1.0,SI_666,53.359367,-6.260453,1450,False
,1.0,SI_666,53.361008,-6.274997,1280,False
2.0,2.0,C3,53.294569,-6.1393992,2400,True
1.0,2.0,F,53.335473,-6.277226,2500,False
,1.0,SI_666,53.361008,-6.274997,1280,False
2.0,2.0,C3,53.294569,-6.1393992,2400,True
1.0,1.0,F,53.349294,-6.343894,1995,True
2.0,2.0,D2,53.350938,-6.252489,1828,True
1.0,2.0,D1,53.33525,-6.28002,2350,False
1.0,2.0,D1,53.34457,-6.267882,2700,True
1.0,1.0,SI_666,53.322813,-6.250185,1550,False
1.0,1.0,D2,53.337454,-6.266604,1950,True
3.0,2.0,C1,53.329614,-6.253648,3200,False
2.0,2.0,C2,53.30039,-6.205034,2590,True
3.0,2.0,A3,53.285123,-6.118498,3500,True
1.0,2.0,B2,53.284532,-6.125779,2700,False
1.0,2.0,C3,53.303111,-6.236485,2495,True
1.0,1.0,A3,53.329991,-6.333136,1400,True
2.0,2.0,SI_666,53.317846,-6.279317,2650,True
1.0,1.0,E1,53.29234,-6.152074,1700,True
2.0,2.0,SI_666,53.317846,-6.279317,2400,True
2.0,3.0,C1,53.342982,-6.308954,2427,True
1.0,1.0,D1,53.324535,-6.280751,1600,True
3.0,4.0,A2,53.2400421,-6.192798,3800,False
1.0,2.0,SI_666,53.355253,-6.24414,2710,False
1.0,1.0,SI_666,53.361167,-6.238804,1800,True
2.0,4.0,SI_666,53.31551,-6.397155,3150,False
,1.0,SI_666,53.329178,-6.26411,1451,False
1.0,1.0,SI_666,53.332527,-6.270864,1950,True
,1.0,SI_666,53.332527,-6.270864,1350,False
,1.0,SI_666,53.332527,-6.270864,1650,False
1.0,1.0,C3,53.316437,-6.284433,1850,True
1.0,1.0,B3,53.358086,-6.254185,1750,True
,1.0,B3,53.3576012,-6.2897202,1070,False
1.0,1.0,B3,53.358086,-6.254185,1750,True
2.0,2.0,E1,53.376839,-6.311094,2347,True
2.0,2.0,D2,53.397081,-6.263404,2400,True
1.0,1.0,D1,53.346275,-6.282961,1850,True
1.0,2.0,C1,53.406258,-6.251882,2400,True
1.0,1.0,D1,53.352677,-6.258266,1687,True
1.0,1.0,D1,53.351717,-6.258382,1800,True
1.0,1.0,E1,53.347758,-6.278864,1895,True
2.0,2.0,C3,53.337586,-6.379851,1950,True
2.0,2.0,D2,53.276637,-6.216098,2542,True
1.0,2.0,C1,53.351017,-6.247384,2400,True
2.0,3.0,C2,53.346045,-6.345776,2995,True
2.0,3.0,C1,53.406075,-6.250394,3200,True
1.0,1.0,E2,53.347282,-6.261901,1795,True
1.0,1.0,D2,53.4,-6.276636,1625,True
2.0,3.0,C1,53.405344,-6.247649,3200,True
1.0,1.0,C3,53.334972,-6.248008,2500,True
1.0,2.0,SI_666,53.3306708,-6.2689151,2000,False
1.0,3.0,C2,53.359994,-6.194527,4000,False
,1.0,SI_666,53.35984,-6.262985,1600,False
1.0,1.0,SI_666,53.35984,-6.262985,1700,True
3.0,3.0,A3,53.326145,-6.258369,3511,False
2.0,1.0,B1,53.315179,-6.230536,2095,False
2.0,2.0,A2,53.290573,-6.133126,3500,True
1.0,1.0,C3,53.337254,-6.284814,1750,True
2.0,5.0,D1,53.281514,-6.138705,4000,False
1.0,1.0,F,53.32919,-6.21314,1914,True
2.0,2.0,SI_666,53.340623,-6.248793,3971,True
1.0,1.0,B2,53.340334,-6.265496,1995,True
,1.0,C1,53.3445,-6.276614,1813,False
1.0,2.0,D2,53.333747,-6.251019,2550,True
2.0,2.0,D2,53.324849,-6.22303,3550,True
1.0,1.0,SI_666,53.342865,-6.291272,1850,True
1.0,2.0,E2,53.34291,-6.279197,2300,True
2.0,2.0,C3,53.390194,-6.093299,2290,True
1.0,1.0,E2,53.34291,-6.279197,1900,True
1.0,2.0,SI_666,53.341411,-6.265913,2600,True
2.0,2.0,A2,53.344233,-6.231179,3395,True
2.0,2.0,C1,53.299511,-6.18817,3000,True
1.0,1.0,D2,53.3464769,-6.2646144,1752,True
1.0,2.0,C2,53.33574,-6.224747,2800,False
1.0,2.0,B3,53.339474,-6.279442,2553,False
2.0,3.0,C2,53.337811,-6.24448,3449,False
1.0,1.0,B3,53.339943,-6.246768,2001,True
2.0,3.0,C1,53.327531,-6.238508,3300,True
2.0,2.0,B3,53.330603,-6.219143,2564,True
2.0,2.0,C1,53.40021,-6.276965,2000,True
2.0,2.0,B3,53.330603,-6.219143,2267,True
2.0,2.0,C2,53.293384,-6.133965,3250,True
3.0,5.0,C1,53.296192,-6.293646,4250,False
2.0,2.0,A3,53.299569,-6.206373,2750,True
1.0,2.0,D2,53.318596,-6.215143,2500,True
2.0,2.0,D2,53.280629,-6.119197,2350,False
2.0,2.0,B1,53.247908355393,-6.1449119113622,2198,True
2.0,2.0,B2,53.281347,-6.243452,2757,True
2.0,2.0,C1,53.371421,-6.370151,2400,True
2.0,2.0,B1,53.331971,-6.271539,4246,False
2.0,3.0,B3,53.22656,-6.127829,2995,False
1.0,2.0,A2,53.344764,-6.242747,3368,True
1.0,1.0,SI_666,53.324049,-6.26842,1500,True
2.0,2.0,D1,53.328816,-6.23993,5000,True
1.0,3.0,B3,53.325911,-6.216597,4068,False
1.0,2.0,G,53.338402,-6.235939,2511,False
2.0,2.0,A3,53.344785,-6.242385,3468,True
2.0,2.0,C2,53.291976,-6.130093,3750,True
2.0,2.0,A2,53.344186,-6.231576,3500,True
1.0,2.0,C1,53.350247,-6.238833,2500,True
1.0,2.0,D2,53.318211,-6.237844,3000,True
1.0,1.0,B2,53.294678,-6.136347,2000,True
1.0,2.0,C3,53.322253,-6.238208,4408,False
1.0,2.0,D1,53.34909917381293,-6.242421487488713,2700,True
2.0,2.0,A2,53.28603,-6.14102,2495,True
2.0,2.0,A2,53.344785,-6.242385,2943,True
1.0,2.0,D1,53.293777,-6.159564,2600,True
3.0,4.0,C3,53.325194,-6.220992,4400,False
3.0,3.0,A3,53.333031,-6.238506,4950,False
2.0,2.0,B2,53.330822,-6.232652,2817,True
1.0,1.0,SI_666,53.336565,-6.238252,1850,True
1.0,2.0,C2,53.266701,-6.131436,2300,False
2.0,5.0,D1,53.365522,-6.194802,4500,False
2.0,3.0,B3,53.325251,-6.211033,5000,False
3.0,4.0,B3,53.368161,-6.214872,4500,False
2.0,2.0,A3,53.327515,-6.244903,4000,False
2.0,3.0,D2,53.319159,-6.258196,3707,False
1.0,1.0,D1,53.331403,-6.261173,2300,True
1.0,2.0,B2,53.329845,-6.286063,2300,True
1.0,2.0,D2,53.245501,-6.121857,2300,False
2.0,4.0,B3,53.314437,-6.250389,3900,True
2.0,2.0,A2,53.290093,-6.194076,2900,True
1.0,1.0,E2,53.342681,-6.24512,2066,False
2.0,2.0,SI_666,53.403718,-6.252195,2400,True
1.0,3.0,SI_666,53.390466,-6.241176,2600,False
1.0,1.0,SI_666,53.342777,-6.293184,1881,True
1.0,1.0,SI_666,53.340971,-6.315263,1845,True
2.0,2.0,C1,53.326665,-6.221292,2924,True
1.0,1.0,SI_666,53.400862,-6.26271,1900,True
2.0,2.0,B1,53.37962828494835,-6.161653213659434,2225,True
1.0,2.0,SI_666,53.293739,-6.163946,1885,True
2.0,3.0,SI_666,53.270326,-6.122014,3250,False
2.0,3.0,SI_666,53.245629,-6.158131,3328,False
2.0,2.0,C2,53.329786,-6.25018,3950,True
1.0,1.0,D2,53.327582,-6.24356,1974,True
2.0,2.0,B1,53.379915,-6.161134,2610,True
1.0,2.0,E1,53.327475,-6.222694,2450,True
2.0,3.0,C1,53.257997,-6.196246,2755,False
2.0,2.0,D2,53.328828,-6.250805,2850,True
3.0,3.0,A1,53.26656,-6.144512,3526,False
1.0,2.0,C3,53.296626,-6.160895,2500,False
1.0,2.0,E2,53.330519,-6.285279,2400,False
,1.0,SI_666,53.332609,-6.259715,1995,False
1.0,1.0,B1,53.337245,-6.229963,2200,True
1.0,3.0,E1,53.368768458324,-6.2356376705324,3000,False
,1.0,A1,53.3576012,-6.2897202,1070,False
2.0,2.0,B1,53.30818585,-6.19584378,2900,True
2.0,3.0,C3,53.388985,-6.408329,2600,False
2.0,2.0,B2,53.256874611967135,-6.115044884874294,3800,True
2.0,3.0,D1,53.280688,-6.136661,2800,False
2.0,2.0,B3,53.24641074737664,-6.182112494575819,2400,True
2.0,2.0,C1,53.343083,-6.240809,3000,True
1.0,3.0,C3,53.262522897462446,-6.16356764906979,2350,False
2.0,2.0,B3,53.256833469884015,-6.114906803922253,4000,True
2.0,2.0,C1,53.343083,-6.240809,2800,True
3.0,2.0,C1,53.309693,-6.202081,3900,False
,1.0,SI_666,53.324835919119,-6.2410212539673,1400,False
2.0,2.0,B2,53.300264,-6.204871,2600,True
2.0,2.0,C1,53.40558,-6.287201,2450,True
1.0,2.0,D1,53.311109,-6.215794,2346,True
1.0,3.0,D1,53.374912,-6.388287,2470,False
2.0,2.0,B3,53.299148,-6.204578,3000,True
1.0,2.0,C1,53.338592,-6.24148,2102,True
1.0,2.0,E1,53.318446,-6.21446,2500,True
1.0,1.0,E2,53.340819,-6.274988,1516,True
3.0,3.0,SI_666,53.335781,-6.254146,5000,False
1.0,3.0,B2,53.350478308666,-6.2812782216809,2950,True
2.0,2.0,C1,53.343083,-6.240809,2800,True
,1.0,D1,53.366269832199,-6.2713518986914,1350,False
1.0,1.0,C3,53.311659802012,-6.2741955771627,1900,True
3.0,3.0,C3,53.391908492858,-6.369444586063,2550,False
1.0,1.0,D2,53.342858933485,-6.2719513787906,1750,True
3.0,3.0,C3,53.373021282713,-6.362901787896,2600,False
2.0,3.0,B1,53.3084188,-6.26003,3750,False
2.0,5.0,D1,53.278171,-6.175808,4500,False
1.0,1.0,C3,53.34116,-6.259204,1993,True
2.0,5.0,D2,53.279289,-6.19144,4500,False
1.0,2.0,C3,53.269103,-6.142912,2300,True
1.0,1.0,SI_666,53.356403553722,-6.2602931552141,1600,True
1.0,3.0,D2,53.330417,-6.250014,2922,True
1.0,,D2,53.348053,-6.303046,2553,True
2.0,3.0,C2,53.323461,-6.235957,3250,False
1.0,2.0,E2,53.353863,-6.259638,1704,True
2.0,2.0,C2,53.349377,-6.241906,2138,True
1.0,1.0,G,53.355931,-6.272854,1725,True
2.0,3.0,C1,53.297589,-6.195323,2080,True
1.0,2.0,C1,53.283286,-6.243231,2250,True
2.0,2.0,,53.347161,-6.29484,1985,True
,1.0,SI_666,53.330226224497,-6.2362016956447,1435,False
2.0,2.0,B1,53.339242977006336,-6.24175266835536,2780,False
1.0,1.0,B3,53.310039537222,-6.2789111584425,2200,True
,1.0,B1,53.330341374733,-6.3396904372465,1500,False
1.0,2.0,B3,53.278618,-6.216283,2500,True
1.0,2.0,C1,53.343809,-6.276247,2300,True
1.0,1.0,SI_666,53.316388,-6.397488,1650,True
1.0,2.0,SI_666,53.336679,-6.234902,2700,True
3.0,3.0,B1,53.3957877,-6.3221644,2800,False
2.0,2.0,C1,53.238422,-6.116488,2300,True
1.0,2.0,B2,53.341549,-6.272888,2518,True
3.0,3.0,B3,53.329779,-6.245894,5000,False
2.0,2.0,B2,53.344069,-6.234257,3400,True
1.0,2.0,A3,53.345175,-6.243076,3100,True
1.0,1.0,SI_666,53.331233,-6.243624,2650,True
2.0,2.0,F,53.341173,-6.232418,2600,False
2.0,2.0,C2,53.347819,-6.279393,2600,True
1.0,1.0,A3,53.345404,-6.243538,2370,True
2.0,3.0,C3,53.365303,-6.259273,2800,True
1.0,1.0,A3,53.345382,-6.243067,2550,True
2.0,2.0,C2,53.32626706939433,-6.244476804122371,2750,True
2.0,3.0,SI_666,53.331433,-6.265647,4250,False
1.0,1.0,A3,53.345382,-6.243067,2550,True
2.0,2.0,B1,53.336927911086,-6.2728645578084,3214,True
1.0,3.0,D1,53.377344,-6.199815,3250,False
1.0,2.0,SI_666,53.357885,-6.2677,2700,True
2.0,2.0,C1,53.292438393954,-6.2777108699083,2100,True
2.0,2.0,C2,53.380204,-6.400466,1867,True
1.0,2.0,C1,53.402515,-6.153983,2300,True
1.0,1.0,E1,53.345664,-6.283511,1775,True
3.0,2.0,A2,53.264915,-6.204996,3000,False
1.0,1.0,SI_666,53.357885,-6.2677,1600,True
2.0,3.0,D2,53.329313312,-6.246617304,3700,False
2.0,3.0,D1,53.330158,-6.285919,3000,True
1.0,2.0,C3,53.341508,-6.273182,2400,False
1.0,1.0,B2,53.320659,-6.290415,1850,True
1.0,2.0,SI_666,53.342616,-6.216399,2400,False
1.0,1.0,C3,53.264045,-6.140764,1160,True
1.0,1.0,SI_666,53.340689,-6.27889,1850,False
2.0,3.0,B3,53.319271,-6.238369,3000,False
1.0,1.0,C3,53.374693467791,-6.1989425195654,1775,True
1.0,1.0,D2,53.346421,-6.275717,2100,True
1.0,2.0,B3,53.278618,-6.216283,2600,True
1.0,3.0,C1,53.358916232153,-6.1927323331186,3000,False
1.0,2.0,D1,53.376685,-6.316339,2200,True
1.0,1.0,A1,53.37242175546389,-6.19497612118721,985,True
2.0,2.0,C1,53.349436,-6.239467,2750,True
2.0,2.0,C3,53.338922,-6.235775,2800,True
1.0,1.0,C3,53.337847,-6.286632,2250,True
2.0,2.0,C3,53.3002615,-6.2320394,2428,True
1.0,1.0,SI_666,53.338898078896,-6.3056328222595,1900,True
1.0,1.0,D1,53.364192,-6.245409,1900,True
2.0,3.0,C1,53.329564,-6.215681,2850,False
2.0,2.0,C1,53.349636,-6.231599,2600,True
2.0,2.0,C2,53.295330016724,-6.146373521418,2375,True
2.0,3.0,C2,53.374075,-6.206641,3000,False
2.0,2.0,B3,53.299511,-6.18817,2102,True
1.0,2.0,D2,53.350146,-6.281644,1800,True
2.0,2.0,B2,53.299518510905,-6.2678458965639,2000,True
1.0,1.0,SI_666,53.312769,-6.278716,1600,True
2.0,2.0,A3,53.287193,-6.179035,3795,False
2.0,2.0,B3,53.282334,-6.243043,2795,True
1.0,2.0,SI_666,53.389334,-6.409161,1938,False
2.0,2.0,B2,53.345464,-6.239033,2800,True
1.0,2.0,E1,53.293024,-6.16362,2136,True
3.0,5.0,E1,53.290483,-6.15356,3900,False
2.0,4.0,D2,53.374597,-6.383446,4100,False
2.0,5.0,G,53.389826,-6.267173,4500,False
,1.0,D1,53.356698,-6.255951,850,False
2.0,2.0,SI_666,53.346051881,-6.254444173,2900,True
2.0,2.0,C3,53.365269,-6.258611,1982,True
,1.0,SI_666,53.388514,-6.167089,900,False
1.0,2.0,C3,53.334103,-6.291179,2350,True
,1.0,SI_666,53.3596413,-6.2933836,1700,False
,1.0,SI_666,53.316630796641,-6.268973036663,1550,False
1.0,2.0,D1,53.313539,-6.322414,2040,True
1.0,1.0,C1,53.28125066575299,-6.19568457624473,1696,True
1.0,2.0,D2,53.382903,-6.199385,2600,False
2.0,2.0,D1,53.380622,-6.207295,2400,False
1.0,2.0,SI_666,53.234432,-6.116559,1800,True
2.0,2.0,C3,53.308289,-6.198061,2800,False
2.0,2.0,B2,53.28187035798467,-6.238838288853202,2725,True
1.0,2.0,C1,53.34993,-6.282369,2230,True
2.0,2.0,C1,53.270896,-6.375439,2200,True
1.0,1.0,SI_666,53.332995,-6.214723,2250,True
1.0,1.0,C3,53.340506,-6.236936,2146,True
1.0,1.0,SI_666,53.351223,-6.275551,2200,True
1.0,4.0,D1,53.363446222711,-6.2805796684621,3700,False
1.0,2.0,C2,53.342715,-6.236459,2750,True
1.0,2.0,E2,53.356324,-6.265311,2300,True
2.0,3.0,E1,53.390179,-6.188379,2700,False
1.0,1.0,SI_666,53.352365,-6.29735,1650,True
2.0,2.0,A3,53.350485,-6.24691,2500,True
2.0,2.0,A3,53.344298,-6.243696,3000,True
2.0,2.0,E1,53.292650262874,-6.193141542316,2100,True
1.0,2.0,D2,53.292872,-6.15356,2250,False
2.0,3.0,C1,53.3627146,-6.4506031,3000,True
2.0,2.0,B3,53.329213,-6.272535,1978,True
2.0,2.0,C2,53.333674,-6.229129,2800,True
2.0,2.0,SI_666,53.318411,-6.374249,1814,True
1.0,2.0,E1,53.374395,-6.199477,2400,True
1.0,3.0,E2,53.281847,-6.226503,3000,False
2.0,2.0,C1,53.312761,-6.249424,1845,True
1.0,2.0,D2,53.298977,-6.194288,2400,True
3.0,4.0,C1,53.285836,-6.167594,3100,False
2.0,2.0,C1,53.2928198,-6.2792988,2450,True
1.0,3.0,SI_666,53.322714028277,-6.3947662350783,2000,False
2.0,2.0,C1,53.391962,-6.375607,2150,True
2.0,2.0,B2,53.3724,-6.333862,2250,True
1.0,2.0,SI_666,53.339797,-6.272675,1872,True
1.0,2.0,SI_666,53.330237711505,-6.2716599125457,1700,True
1.0,1.0,B3,53.34549,-6.251915,2000,True
1.0,3.0,C2,53.343137812232,-6.2753825780744,3000,True
1.0,1.0,SI_666,53.376352456434,-6.3321848356882,1875,True
1.0,2.0,D1,53.319494,-6.238873,3214,False
1.0,1.0,B3,53.277778,-6.210629,2000,True
1.0,2.0,SI_666,53.341818,-6.264738,2850,True
1.0,1.0,SI_666,53.347163,-6.263113,2050,True
1.0,1.0,C3,53.33449,-6.255655,2500,True
1.0,2.0,A3,53.261606,-6.225281,1200,True
,1.0,SI_666,53.284208,-6.354939,1285,False
2.0,2.0,B3,53.300113,-6.294053,2287,True
1.0,1.0,C3,53.326525,-6.232325,2237,True
2.0,2.0,C3,53.326525,-6.232325,4023,True
3.0,5.0,C3,53.309671,-6.295658,4500,False
1.0,1.0,SI_666,53.287379,-6.362604,1500,True
1.0,1.0,C3,53.350322830037,-6.2575659029361,2150,True
1.0,2.0,SI_666,53.361134,-6.248151,2250,True
1.0,1.0,C3,53.349607256912,-6.2431593039922,2350,True
2.0,4.0,D2,53.271483,-6.129042,3000,False
1.0,1.0,C2,53.2270969,-6.1264758,1450,True
2.0,4.0,B3,53.295328,-6.19731,4000,False
2.0,3.0,B2,53.344543,-6.268741,3750,True
3.0,3.0,C1,53.313778,-6.250328,4550,True
3.0,3.0,SI_666,53.3195664,-6.2538482,5000,False
2.0,4.0,SI_666,53.389744,-6.258098,3200,False
2.0,2.0,B2,53.281732529201,-6.2425755100064,2200,True
1.0,2.0,E1,53.359336358399,-6.2595788765199,2190,True
1.0,2.0,SI_666,53.357547,-6.252634,2900,True
1.0,1.0,C3,53.31003172465,-6.2797379493713,1800,True
1.0,1.0,B1,53.378426797975,-6.2398971769992,1495,True
1.0,2.0,C1,53.319103,-6.209778,2700,True
2.0,3.0,C1,53.33751843604,-6.2910575956056,3250,False
1.0,1.0,B2,53.300029080036,-6.1791817094183,2300,True
2.0,2.0,C1,53.342853,-6.240524,2695,True
3.0,3.0,B2,53.307909984455,-6.2620752275478,4450,True
2.0,2.0,C1,53.3415908,-6.3019711,2300,True
1.0,1.0,B1,53.3546522,-6.2502435,1550,True
1.0,1.0,SI_666,53.33445473593,-6.2649908850619,2300,True
1.0,1.0,C2,53.3392691,-6.2346876,2150,True
1.0,2.0,C3,53.344954,-6.248351,2700,False
2.0,1.0,C3,53.349171911444,-6.2303800317383,1664,True
1.0,1.0,SI_666,53.338592,-6.24148,2200,True
1.0,1.0,A2,53.345740701634,-6.237530708313,2300,True
1.0,1.0,SI_666,53.34003721577,-6.3038564441899,1350,True
1.0,2.0,D1,53.342143,-6.296644,1669,True
1.0,1.0,SI_666,53.358035,-6.292724,1750,True
3.0,3.0,C3,53.278355,-6.21606,3260,True
2.0,3.0,D2,53.368691,-6.203098,3500,False
1.0,1.0,A3,53.347950368565,-6.2330068106454,2340,True
2.0,2.0,SI_666,53.338738,-6.237199,2900,True
2.0,2.0,SI_666,53.338759521726,-6.2351923020586,3800,True
2.0,2.0,SI_666,53.388301,-6.071973,2500,True
1.0,1.0,C2,53.338654,-6.235205,2055,True
1.0,1.0,SI_666,53.343178,-6.276444,2100,True
,1.0,C3,53.355406,-6.266031,2136,False
2.0,2.0,SI_666,53.367971,-6.259173,2400,True
1.0,1.0,SI_666,53.351894,-6.269593,2050,True
2.0,2.0,A2,53.259168,-6.203241,2590,True
1.0,2.0,C3,53.394321,-6.407129,1900,False
,1.0,SI_666,53.318142,-6.270301,950,False
1.0,2.0,C1,53.322889,-6.230599,2100,True
2.0,4.0,C2,53.333857,-6.237579,4000,False
1.0,1.0,D1,53.361314,-6.261349,1450,True
1.0,1.0,B2,53.343408,-6.244062,1950,True
1.0,2.0,C3,53.278163,-6.414847,2050,True
3.0,3.0,C2,53.341324,-6.416589,3000,False
1.0,2.0,C1,53.360670683501,-6.237597897557,1900,True
1.0,1.0,SI_666,53.342482,-6.249588,2250,True
2.0,2.0,B1,53.322952965814,-6.2800168991089,2800,True
2.0,2.0,B1,53.30134778992,-6.2963489722356,3200,True
,1.0,SI_666,53.320105,-6.265415,1245,False
,1.0,B2,53.281405,-6.384908,1250,False
1.0,3.0,SI_666,53.3658165,-6.2135674,2250,True
1.0,3.0,C3,53.2846161,-6.4109109,1891,False
1.0,1.0,D1,53.350978,-6.250562,2000,True
3.0,2.0,A3,53.312326,-6.202748,3290,True
3.0,2.0,A3,53.311975,-6.203174,3390,True
2.0,2.0,C1,53.3043196,-6.3030527,2500,True
1.0,5.0,D2,53.280450646871,-6.2101371015528,4500,False
3.0,4.0,D1,53.383658168500176,-6.424297365591343,4200,False
2.0,2.0,C1,53.363769,-6.24874,2250,True
1.0,2.0,D2,53.318332,-6.215614,2700,True
2.0,2.0,B3,53.3852793,-6.186303,2449,True
,1.0,D2,53.342265,-6.26482,1265,False
1.0,3.0,E1,53.345774,-6.284119,2506,True
2.0,2.0,D2,53.379543,-6.399829,2395,True
1.0,1.0,SI_666,53.327648,-6.273942,1750,False
1.0,1.0,B2,53.37731080247,-6.3250515534134,1850,True
2.0,2.0,E1,53.359635201877,-6.3601508667621,2700,False
2.0,3.0,A2,53.27214,-6.105848,4500,False
1.0,2.0,C3,53.289241,-6.14332,2050,True
2.0,2.0,C1,53.371421,-6.370151,2400,True
1.0,1.0,B2,53.260163,-6.223142,1800,True
,1.0,E2,53.369548,-6.26889,950,False
1.0,2.0,SI_666,53.360418,-6.263134,1950,False
1.0,3.0,SI_666,53.298382,-6.258658,2371,False
1.0,2.0,C1,53.35022,-6.3482,2350,False
2.0,4.0,E1,53.2758392181,-6.1074806040759,3900,False
2.0,2.0,C2,53.4058739474,-6.2499613262357,2300,True
1.0,1.0,A1,53.2783991,-6.2150505,1750,True
2.0,2.0,C2,53.336614,-6.24023,2950,False
1.0,2.0,C2,53.404384,-6.293888,1644,True
1.0,2.0,D1,53.3512944,-6.2763949,1766,True
2.0,2.0,C3,53.341531,-6.314539,2100,True
2.0,4.0,C1,53.341509,-6.232795,4500,False
,1.0,SI_666,53.324874,-6.41288,857,False
1.0,1.0,E2,53.330505,-6.235912,2400,True
3.0,2.0,C3,53.336578,-6.224425,2500,False
2.0,3.0,D1,53.32307433173867,-6.287303703041459,2770,False
1.0,1.0,B1,53.279949,-6.316463,1850,True
2.0,2.0,C1,53.28068406879,-6.2435310223848,2331,True
,1.0,SI_666,53.328536,-6.264228,1400,False
3.0,4.0,C2,53.238057,-6.15924,3475,False
2.0,2.0,C3,53.342141,-6.313735,2170,True
1.0,1.0,B2,53.281882,-6.291748,1450,False
2.0,2.0,SI_666,53.322110987252,-6.265979141494,4000,True
1.0,2.0,B3,53.346791190923,-6.3089504752168,2000,True
1.0,1.0,C1,53.329927,-6.2859286,1750,True
2.0,3.0,D1,53.377477796625,-6.1915181247224,2700,False
2.0,2.0,C3,53.299250638971,-6.187188883833,4000,True
2.0,2.0,B3,53.329765653661,-6.231358824315,3100,True
2.0,4.0,C1,53.361035,-6.188519,4000,False
1.0,1.0,C3,53.346292,-6.283287,1850,True
2.0,2.0,A2,53.285641,-6.140753,2795,True
1.0,2.0,C3,53.343687,-6.243927,2700,True
1.0,3.0,D1,53.271474,-6.121717,2750,False
2.0,2.0,B2,53.349894,-6.239258,2475,True
3.0,3.0,B1,53.247705257155,-6.179628521204,2700,False
2.0,2.0,C1,53.342098,-6.314104,2144,True
1.0,1.0,A2,53.24267258817224,-6.191171328304307,1875,True
2.0,2.0,A2,53.24267258817224,-6.191171328304307,2250,True
1.0,1.0,A1,53.3193336810545,-6.248271768122493,2500,True
